,GL,Reduction text
0,2201.0,Freight
1,2201.0,Freight
2,2201.0,Freight
3,2201.0,Freight
4,2201.0,ESTIMATED shipping costs
5,2201.0,Freight For
6,2201.0,Freight
7,2201.0,Frieght
8,2201.0,Freight Charges
9,2201.0,Freight
10,2201.0,Freight
11,2201.0,Freight
12,2201.0,Freight Charges MBW
13,2201.0,Freight
14,2201.0,Freight
15,2201.0,Freight
16,2201.0,Freight Charges
17,2201.0,Freight Charges
18,2201.0,Freight
19,2201.0,Freight
20,2201.0,Freight
21,2201.0,Freight Charges
22,2201.0,Freight Charges
23,2201.0,Freight
24,2201.0,Freight
25,2201.0,Freight
26,2201.0,Freight Charges
27,2201.0,Freight
28,2201.0,Freight
29,2201.0,Freight
30,2201.0,Freight
31,2201.0,Freight
32,2201.0,Freight
33,2201.0,Freight
34,2201.0,Freight
35,2201.0,Freight Charges
36,2201.0,Freight
37,2201.0,Freight
38,2201.0,Freight
39,2201.0,Freight
40,2201.0,Freight
41,2201.0,Freight
42,2201.0,Freight Charges
43,2201.0,Freight
44,2201.0,Freight
45,2201.0,Freight
46,2201.0,Freight
47,2201.0,MBW Freight Charges
48,2201.0,Freight
49,2201.0,Freight Charges MBW
50,2201.0,Freight
51,2201.0,Freight
52,2201.0,Freight
53,2201.0,Freight
54,2201.0,estimated shipping costs
55,2201.0,Freight Charges
56,2201.0,Freight Charges MBW
57,2201.0,Freight - estimated cost
58,2201.0,Freight Charges
59,2201.0,Shipping
60,2201.0,Freight
61,2201.0,Freight
62,2201.0,Freight
63,2201.0,Freight
64,2201.0,Freight
65,2201.0,Freight Charges MBW
66,2201.0,Freight / Cost of Shipping
67,2201.0,Freight
68,2201.0,Freight
69,2201.0,Freight Charges
70,2201.0,Freight charges
71,2201.0,Kneel Pad    MAT13
72,2201.0,Freight
73,2201.0,freight Charges
74,2201.0,Freight
75,2201.0,Freight
76,2201.0,Freight
77,2201.0,Freight Charges
78,2201.0,Freight
79,2201.0,Freight
80,2201.0,Freight Charges
81,2201.0,Freight
82,2201.0,Freight
83,2201.0,Freight
84,2201.0,Freight Charges
85,2201.0,Freight
86,2201.0,Freight
87,2201.0,Freight
88,2201.0,Freight Charges
89,2201.0,Freight
90,2201.0,Freight
91,2201.0,Freight
92,2201.0,Freight
93,2201.0,Freight
94,2201.0,Freight Charges
95,2201.0,Freight
96,2201.0,Freight Charges
97,2201.0,Freight Charges
98,2201.0,Freight Charges
99,2201.0,freight
100,2201.0,Freight Charges
101,2201.0,Freight
102,2201.0,Freight Charges MBW
103,2201.0,Freight
104,2201.0,Shipping For Degreaser
105,2201.0,Freight
106,2201.0,Freight
107,2201.0,Freight
108,2201.0,Freight
109,2201.0,Freight Charges MBW
110,2201.0,Freight
111,2201.0,Freight
112,2201.0,Freight
113,7208.0,8 Hanger Stock (Paints)
114,7208.0,Paints/Chemicals
115,7208.0,Paints
116,7208.0,SIKAFLEX 221 White 300 ml
117,7208.0,Paint & Chemical
118,7208.0,Javex 4 X 4L
119,7208.0,Butane as per quote
120,7208.0,"Pipe sealer, Loctite, Gasket Remover"
121,7208.0,Paints and Sprays
122,7208.0,Brake Kleen
123,7208.0,Safe Tube
124,7208.0,Super Glue
125,7208.0,8 Hanger Chemical
126,7208.0,"Paint, Loctite, De-icer"
127,7208.0,"Degreaser, Butane as per quote"
128,7208.0,Loctite
129,7208.0,Paint
130,7208.0,Resin as per quote
131,7208.0,Paint as per quote
132,7208.0,Paint as per quote
133,7208.0,Paints/Chemicals
134,7208.0,8 Hanger Stock (Paints)
135,7208.0,Spray Lubs as per quote
136,7208.0,Aerosols as per quote
137,7208.0,"Filler, Hardener as per quote"
138,7208.0,Solvents as per quote
139,7208.0,Rock N Roll Paste
140,7208.0,Aerosol Chemical as per quote
141,7208.0,paints & Oils as per Quote
142,7208.0,Paints/Chemicals
143,7208.0,8 Hanger Paints & Oils
144,7208.0,spray paint cans
145,7208.0,Bulk Grease Silicone as per quote
146,7208.0,Insect Repellant
147,7208.0,Spray lubricants
148,7208.0,Spider Fiberglass
149,7208.0,Acetone as per quote
150,7208.0,"Brake Lube, Krown T-40 as per quote"
151,7208.0,"Paint, Loctite, De-icer"
152,7208.0,Seal Compound
153,7208.0,spray paint cans
154,7208.0,Chemical Stock
155,7208.0,"Loctite, Aerosols as per quote"
156,7208.0,Paints/Chemicals
157,7208.0,paints & Oils as per Quote
158,7208.0,Bedrock Boxliner Kit
159,7208.0,Resin as per quote
160,7208.0,Rust Prevent DOM16Q
161,7208.0,"Loctite, Brake Clean"
162,7208.0,Sealant as per quote
163,7208.0,Brake Cleaner
164,7208.0,SIKAFLEX 221 White 300 ml
165,7208.0,Aerosol Chemicals as per quote
166,7208.0,Paints as per quote
167,7208.0,Solvents as per quote
168,7208.0,Fluid Film
169,7208.0,Loctite
170,7208.0,Paints & Oils Stock
171,7208.0,8 Hanger Chemical
172,7208.0,Goo Gone Adhesive Remover
173,7208.0,Car Cleaning Supplies
174,7208.0,Loctite as per quote
175,7208.0,8 Hanger Stock ( Paints & Chem )
176,7208.0,Loctite
177,7208.0,Aerosol Chemicals as per quote
178,7208.0,Spider Fiberglass
179,7208.0,Aerosols as per quote
180,7208.0,Aerosol Chemicals as per quote
181,7208.0,Paint
182,7208.0,Paint as per quote
183,7208.0,Paints/Chemicals
184,7208.0,Paints
185,7208.0,NDT Chemicals
186,7208.0,"Loctite, Grease, Degreaser"
187,7208.0,"Loctite, Paint as per quote"
188,7208.0,Pipe Sealer
189,7208.0,Aerosol Chemicals as per quote
190,7208.0,Paint
191,7208.0,Insect Repellant
192,7208.0,Paint order as per Quote
193,7208.0,Fluid Film
194,7208.0,Aerosols as per quote
195,7208.0,Spray Paint as per quote
196,7208.0,Paint ture blue P/N:05163947AB
197,7208.0,E Weld Nozzle
198,7208.0,"Super Glue, Degreaser"
199,7208.0,Paint & Chemical
200,7208.0,E Weld Nozzle
201,7208.0,Paint ture blue P/N:05163947AB
202,7208.0,Bulk Lubricants 8 Hangar
203,7208.0,Chemical Order
204,7208.0,Aerosol Chemical as per quote
205,7208.0,Loctite
206,7208.0,"Degreaser, Cutting Fluid, Lithium Grease"
207,7208.0,Paints
208,7208.0,Pipe Sealer
209,7208.0,Welding Jacket L
210,7208.0,Painting Supplies
211,7208.0,Paints/Chemicals
212,7208.0,Bulk Lubricants 8 Hangar
213,7208.0,Paints as per quote
214,7208.0,Loctite
215,7208.0,Butane as per quote
216,7208.0,Sunscreen
217,7208.0,Aerosols as per quote
218,7208.0,Sealer P/N:05010884AD
219,7208.0,Paint
220,7208.0,Brake Cleaner
221,7208.0,"Pipe sealer, Loctite, Gasket Remover"
222,7208.0,Loctite
223,7208.0,Paint as per quote
224,7208.0,Spray lubricants
225,7208.0,Chemical Order
226,7209.0,Nitrile Gloves as per quote
227,7209.0,Protective Gloves
228,7209.0,Works Hand Cleaner
229,7209.0,Gloves
230,7209.0,Eyewash  Stations
231,7209.0,Ear Plugs as per quote
232,7209.0,Rubber Gloves as per quote
233,7209.0,Chem Resistant Gloves as per quote
234,7209.0,M-Pact Gloves as per quote
235,7209.0,Safety Glasses
236,7209.0,Rubber Gloves
237,7209.0,Rubber Gloves
238,7209.0,Gloves Mecanix Wear
239,7209.0,Mechanic Gloves
240,7209.0,Rubber Gloves as per quote
241,7209.0,AED replacement pads as per quote
242,7209.0,Welding Helmet
243,7209.0,Welding Beanie
244,7209.0,Ice Melt
245,7209.0,Safety Gloves & Glasses as per quote
246,7209.0,Welding Jacket Light Duty
247,7209.0,Safety Glasses
248,7209.0,Eyewash  Stations
249,7209.0,Natural Ice Melters
250,7209.0,Shovel
251,7209.0,Gloves
252,7209.0,Rubber Gloves
253,7209.0,Machanix Work Gloves
254,7209.0,Protective Clothing
255,7209.0,E650 Welding Helmat
256,7209.0,Dust Mask
257,7209.0,"True Grip tape 4"""
258,7209.0,"True Grip tape 4"""
259,7209.0,Rubber Gloves as per quote
260,7209.0,Safety Glasses
261,7209.0,Rubber Gloves as per quote
262,7209.0,Tyvel Coveralls
263,7209.0,PPE for Refueling Trans
264,7209.0,Gloves
265,7209.0,Leather Gloves as per quote
266,7209.0,"Gloves, Lens Cleaner"
267,7209.0,Gloves as per quote
268,7209.0,"Safety Glasses, Hemet As per quote"
269,7209.0,Rain Gear
270,7209.0,Protective Clothing
271,7209.0,N95 Particulate Mask
272,7209.0,Safty Bands and Harness
273,7209.0,Tig Gloves
274,7209.0,Safety Gloves & Glasses as per quote
275,7209.0,Gloves
276,7209.0,PPE as per quote
277,7209.0,Gloves As Per Quote
278,7209.0,Tig Glove
279,7209.0,Rubber Gloves as per quote
280,7209.0,Shovel
281,7209.0,"Gloves, Lens Cleaner"
282,7209.0,Mpact Work Glove
283,7209.0,Tyvel Coveralls
284,7209.0,Rubber Gloves as per quote
285,7209.0,E650 Welding Helmat
286,7209.0,Work Gloves Mpact
287,7209.0,Rain Gear
288,7209.0,Mechanix MPACT Glove
289,7209.0,Gloves as per quote
290,7209.0,Rubber gloves as per quote
291,7209.0,Work Gloves SAN423
292,7209.0,Eye Wash Saline
293,7209.0,Gloves as per quote
294,7209.0,Gloves Mecanix Wear
295,7209.0,Mecanix Wear Work Gloves
296,7209.0,Welding PPE
297,7209.0,Protective Clothing as per quote
298,7209.0,"Gloves, Paper Towl"
299,7209.0,Type 2 Hard Hats
300,7209.0,"Ear Defenders, Gloves as per quote"
301,7209.0,Welding Jacket Light
302,7209.0,Rubber Gloves as per Quote
303,7209.0,Rubber Gloves
304,7209.0,Rubber Gloves as per quote
305,7209.0,Gloves
306,7209.0,Protective Clothing as per quote
307,7209.0,Safety Glasses
308,7209.0,Gloves
309,7209.0,Unlined drivers Gloves
310,7209.0,Gloves
311,7209.0,Safety Glasses
312,7209.0,Rubber Gloves
313,7209.0,Shovel
314,7209.0,Rubber Gloves
315,7209.0,Resipirator Cleaning Wipes
316,7209.0,PPE
317,7209.0,Gloves as per quote
318,7209.0,"Facesheild, Gloves, Glasses"
319,7209.0,"Gloves, Lens Cleaner"
320,7209.0,Eye Glass Wipes
321,7209.0,Rubber Gloves as per quote
322,7209.0,Rubber Gloves
323,7209.0,Gloves as per quote
324,7209.0,Ice Melt
325,7209.0,Absorbent Pads
326,7209.0,Welding PPE
327,7209.0,Rubber Protective Gloves
328,7209.0,Rubber Gloves as per Quote
329,7209.0,Nitrile Gloves as per quote
330,7209.0,Safety Glasses
331,7209.0,Work Gloves Mpact
332,7209.0,Rubber Gloves as per quote
333,7209.0,Tig Glove
334,7209.0,Rubber Gloves as per quote
335,7209.0,Leather Gloves as per quote
336,7209.0,Rubber Gloves as per quote
337,7209.0,Wide Vision Headgear
338,7209.0,Welding PPE
339,7210.0,7 Hanger Stock
340,7210.0,"Spray Bottle, Snow Brush as per quote"
341,7210.0,Bulk Hardware 8 Hangar
342,7210.0,Grinder Disc as per quote
343,7210.0,Shear pin
344,7210.0,Bulk General Hardware
345,7210.0,8 Hanger Stock as per Quote
346,7210.0,8 Hanger Stock as per quote
347,7210.0,Zip Cut as per quote
348,7210.0,8 Hanger stock
349,7210.0,8 Hanger Stock
350,7210.0,21686 1 1/2 X 1 1/2 X 1/4 SS ANGLE TP304
351,7210.0,7 Hanger stock
352,7210.0,Gas Cans
353,7210.0,Dust Bane
354,7210.0,Bulk Hardware as per quote
355,7210.0,Bulk Hardware as per quote
356,7210.0,Fuses
357,7210.0,7 Hanger Stock
358,7210.0,General Hardware
359,7210.0,2x12x16 Spruce Rough
360,7210.0,Welding Rods as per quote
361,7210.0,Hardware
362,7210.0,8 Hanger Stock as per Quote
363,7210.0,Aluminum rivets
364,7210.0,Industrial Grade Tissue Paper
365,7210.0,plug 600v ( Female )
366,7210.0,7 Hanger Stock
367,7210.0,Machinist Cutters as per quote
368,7210.0,Bulk Hardware 7 Hangar
369,7210.0,8 Hanger Stock ( General )
370,7210.0,Casters    JCW80-4
371,7210.0,8 Hanger Stock
372,7210.0,Rags as per quote
373,7210.0,Bearings
374,7210.0,Hardware - 8 Hangar
375,7210.0,Caster w/HDWR   JCW70-4C
376,7210.0,Ball Lock Pins as per quote
377,7210.0,SHOP VAC 10 GALLONS
378,7210.0,3x - 2x12x16
379,7210.0,7 Hanger Stock
380,7210.0,Bulk Hardware as per quote
381,7210.0,Binding
382,7210.0,Mounted Points Die Grinder as per quote
383,7210.0,General Hardware
384,7210.0,Material Stock
385,7210.0,8 Hanger Stock ( General )
386,7210.0,Wire Wheels as per quote
387,7210.0,GSE/AMSE Stock
388,7210.0,Zep Super Flash
389,7210.0,Key Blanks
390,7210.0,Rags
391,7210.0,Bulk Hardware as per quote
392,7210.0,Hardware - 8 Hangar
393,7210.0,gorilla tough tape
394,7210.0,Engraving Supplies
395,7210.0,Scrapper
396,7210.0,H-Duty Platform Truck
397,7210.0,Bulk Hardware 7 Hangar
398,7210.0,Bulk Hardware 7 Hangar
399,7210.0,General Hardware
400,7210.0,Lock and Lock pick as per quote
401,7210.0,Worx Hand Cleaner
402,7210.0,Carbide Burs as per quote
403,7210.0,"Hydrolic Hose 3/8"""
404,7210.0,Bulk Hardware as per quote
405,7210.0,Bulk Hardware as per quote
406,7210.0,Bulk Hardware
407,7210.0,Plug 600v ( Male)
408,7210.0,SPV Stock
409,7210.0,Bulk Hardware 7 Hangar
410,7210.0,"Mig Wire, Tape, Brush, Guard as per quot"
411,7210.0,8 Hanger Stock
412,7210.0,light bulbs
413,7210.0,8 Hanger Stock as per quote
414,7210.0,HI-CNT 60SER LED Red
415,7210.0,"Shovel 14"" Blade Wood"
416,7210.0,O-Ring Kit
417,7210.0,Bulk Hardware 7 Hangar
418,7210.0,7 Hanger Stock as per quote
419,7210.0,Tire Rack H-4881
420,7210.0,8 Hanger Stock
421,7210.0,Rags as per quote
422,7210.0,Bulk Hardware 7 Hangar
423,7210.0,Eye Wash Station
424,7210.0,Bulk Hardware as per quote
425,7210.0,Bulk Hardware 8 Hangar
426,7210.0,3/8 Grab Hooks
427,7210.0,Bulk General Hardware
428,7210.0,Squeegee's
429,7210.0,Aluminum rivets
430,7210.0,Bulk Hardware
431,7210.0,Bulk Hardware
432,7210.0,gorilla tough tape
433,7210.0,Dust Bane
434,7210.0,Wiper Blade 26
435,7210.0,8 Hanger Stock ( General )
436,7210.0,Bulk Hardware as per quote
437,7210.0,Dead Bolt
438,7210.0,Mounted Points Die Grinder as per quote
439,7210.0,Stainless Steel Screws
440,7210.0,90deg 1hole lug
441,7210.0,8' Dipsticks
442,7210.0,FORK EXTENSION
443,7210.0,7 Hanger Stock as per quote
444,7210.0,3/8 hose Clear
445,7210.0,XBO Nut-33mm
446,7210.0,Bulk Drill Bit as per quote
447,7210.0,Half Inch Plate as per quote
448,7210.0,"3/4 "" Plywood"
449,7210.0,Keys Duplicates as per quote
450,7210.0,Bulk Hardware as per quote
451,7210.0,Bulk Hardware 8 Hangar
452,7312.0,Surface Conditioning Disc
453,7312.0,Flex Cut Grinding Wheel
454,7312.0,"6"" Bench Grinder Brush"
455,7312.0,Wire Wheel
456,7312.0,Abrasive Stock
457,7312.0,Grinding Disc as per quote
458,7312.0,Sanding Disc
459,7312.0,Abrasive Disc as per quote
460,7312.0,Sanding Disc
461,7312.0,Sand Blast Media
462,7312.0,Mat Abrasive material
463,7312.0,Abrasives
464,7312.0,7 hanger Abrasives
465,7312.0,Grinding Wheels as per quote
466,7312.0,"Grinding Disc, Wire Brush, Emery Cloth"
467,7312.0,Assorted disc
468,7312.0,Grinding Disc as per quote
469,7312.0,Sanding Wheels as per quote
470,7312.0,Abrasive Disc as per quote
471,7312.0,Grinding Disc as per quote
472,7312.0,Abrasive Bulk for AMSE
473,7312.0,Abrasive Stock
474,7312.0,Sanding Wheel as per quote
475,7312.0,Abrasive Stock order
476,7312.0,Sanding Disc as per quote
477,7312.0,"Cut off, sanding disc as per quote"
478,7312.0,Cut off wheel as per quote
479,7312.0,Wire Wheel
480,7312.0,Sanding Disc
481,7312.0,Abrasive as per Quote
482,7312.0,Abrasive Disc
483,7312.0,Sanding Disc
484,7312.0,Abrasive as per Quote
485,7312.0,Grinding Stock as per Quote
486,7312.0,Wire Brushes
487,7312.0,Sand Paper
488,7312.0,Abrasive Stock
489,7312.0,Grinding Disc as per quote
490,7312.0,Sand Paper
491,7312.0,Sanding Disc
492,7312.0,Grinding Disc
493,7312.0,Abrasive Bulk for AMSE
494,7312.0,"Sand Paper, Wire Wheels"
495,7312.0,Cut off wheel
496,7312.0,Abrasives
497,7312.0,"Grinding Disc, Cutting"
498,7312.0,8 Hanger Stock ( Abrasives)
499,7312.0,Sanding Disc
500,7312.0,Sanding Disc 4.5 Inch
501,7312.0,7 Hanger Zip Cut-off Wheels
502,7312.0,Grinding Wheels as per quote
503,7312.0,Grinding Disc as per quote
504,7312.0,Sanding Disc 4.5 Inch
505,7312.0,Abrasives
506,7312.0,Abrasives
507,7312.0,Abrasive Stock order
508,7312.0,Wire Brushes
509,7312.0,7 hanger Abrasives
510,7312.0,Sanding Disc
511,7312.0,Abrasives
512,7312.0,Suface Conditioning Disc
513,7312.0,Sand Paper
514,7312.0,Grinding Disc as per quote
515,7312.0,Abrasives
516,7312.0,Flex Cut Grinding Wheel
517,7312.0,Grinding Disc as per quote
518,7312.0,Sanding Wheels as per quote
519,7312.0,Grinding Disc as per quote
520,7312.0,Grinding Stock as per Quote
521,7312.0,"Grinding Disc, Cutting"
522,7312.0,Sanding Disc as per quote
523,7312.0,Sand Paper
524,7312.0,Abrasive Stock
525,7312.0,Cut off wheel as per quote
526,7312.0,"6"" Bench Grinder Brush"
527,7312.0,8 Hanger Stock ( Abrasives)
528,7312.0,Sanding Disc
529,7312.0,Assorted disc
530,7312.0,Sanding Disc
531,7312.0,Abrasive Disc
532,7312.0,Abrasive Discs
533,7312.0,Grinding Disc as per quote
534,7312.0,Grinding Disc as per quote
535,7312.0,Cut off wheel
536,7312.0,Sanding Disc as per quote
537,7312.0,Surface Conditioning Disc
538,7312.0,Abrasives
539,7312.0,Sanding Disc
540,7312.0,Sanding Disc as per quote
541,7312.0,Sanding Wheel as per quote
542,7312.0,Abrasives
543,7312.0,"Cut off, sanding disc as per quote"
544,7312.0,"Sand Paper, Wire Wheels"
545,7312.0,7 Hanger Zip Cut-off Wheels
546,7312.0,Sand Blast Media
547,7312.0,Grinding Disc as per quote
548,7312.0,Sanding Disc
549,7312.0,Grinder Points as per quote
550,7312.0,Abrasives
551,7312.0,Abrasives
552,7312.0,Grinding Disc as per quote
553,7312.0,Abrasive Disc
554,7312.0,Suface Conditioning Disc
555,7312.0,Sanding Disc as per quote
556,7312.0,Sanding Disc
557,7312.0,Mat Abrasive material
558,7312.0,Grinder Points as per quote
559,7312.0,"Grinding Disc, Wire Brush, Emery Cloth"
560,7312.0,Sanding Disc
561,7312.0,Abrasive Disc
562,7312.0,Abrasive Discs
563,7312.0,Grinding Disc as per quote
564,7312.0,Grinding Disc
565,7341.0,DEF Fluid
566,7341.0,john Deere Oil 15W40
567,7341.0,DEF Fluid
568,7341.0,DEF Fluid
569,7341.0,5W30 Synt 5lt jug
570,7341.0,enviromental fee
571,7341.0,Extender  1195152
572,7341.0,M4 oil - 4L
573,7341.0,Kubota Premium UDT hydraulic fluid
574,7341.0,Grease
575,7341.0,DEF Fluid
576,7341.0,Orange Coolant
577,7341.0,Hydraulic Oil 32
578,7341.0,"ATF, Brake Fluid, Oil"
579,7341.0,Cleaner Degreaser
580,7341.0,Brake Lube
581,7341.0,Oil as per quote
582,7341.0,DEF Fluid
583,7341.0,Brake Fluid
584,7341.0,Plus 50 II 15W40 .946L
585,7341.0,HY-Gard 205Lt Drum
586,7341.0,5W20 Synt lt
587,7341.0,Red n Tacky Grease
588,7341.0,Oil
589,7341.0,"Brake Fuild, Oil as per quote"
590,7341.0,Gear Oil 75/140 Synthetic
591,7341.0,prf-10924h(2) 6 pound
592,7341.0,API CF-4/SG hydraulic oil
593,7341.0,Brake Lube
594,7341.0,PS-4 QT(engine oil)
595,7341.0,ZEP Klear
596,7341.0,Hyd oil P/N:73341772
597,7341.0,Plumbers antifreeze 3.78L
598,7341.0,PS-4 QT(engine oil)
599,7341.0,ZEREX G-05 Formula
600,7341.0,DEF Fluid as per quote
601,7341.0,SKF LGWM 1/0.4 GREESE (CASE)
602,7341.0,gear oil
603,7341.0,15W40 SYNTHETIC DRUM
604,7341.0,Rad Flush as per quote
605,7341.0,IM1215338 Mobil Hydraul 56
606,7341.0,EP0 Grease EP0120  120 Lbs
607,7341.0,ATF+4 Auto TransP/N:58218057CB
608,7341.0,Shell Spirax S6 GME 50
609,7341.0,5W40 SYNTHETIC DRUM (550019880)
610,7341.0,PAG Oil
611,7341.0,Oil as per quote
612,7341.0,Valvoline Crimson #2
613,7341.0,Plus 50 II 15W40 .946L
614,7341.0,"Loctite,Anti-seize"
615,7341.0,Silver Grade Antie-Seise
616,7341.0,Krown Rust KL73
617,7341.0,DEF Fluid
618,7341.0,Fuel Stabilizer
619,7341.0,ATF +4
620,7341.0,154-0196 CAT TDTO TMS (20L)
621,7341.0,75-140 synthetic gear oil (Lucas)quarts
622,7341.0,Oil
623,7341.0,Deisel Fuel conditioner
624,7341.0,Grease
625,7341.0,75W90 Full Synthetic Engine Oil 1691
626,7341.0,Orange Coolant
627,7341.0,John Deere Plus-50 II oil
628,7341.0,Batterie Acid
629,7341.0,LOW VISCOS OIL P/N: TY22035
630,7341.0,"Oil, Brake Fluid & Coolant as per quote"
631,7341.0,oil change kit
632,7341.0,5W30 Synt lt
633,7341.0,10W30
634,7341.0,Hydrau Hydrolic Oil
635,7341.0,5W30 SYNTHETIC DRUM (550024083)
636,7341.0,Ecolution Cleaner Degreaser
637,7341.0,"coolant, john deere"
638,7341.0,trans oil
639,7341.0,Grease
640,7341.0,0W20 SYNTHETIC DRUM
641,7341.0,5W20 synthetic engine oil KLLD3290
642,7341.0,POL Stock as per Quote
643,7341.0,DEF Fluid
644,7341.0,10W30 P/N:550023686
645,7341.0,ISO VG46 Hydraulic oil
646,7341.0,DEF Fluid
647,7341.0,Fluid Film
648,7341.0,5W30 Synt lt
649,7341.0,Fluid Film as per quote
650,7341.0,"Oil, Brake Fluid, Coolant as per quote"
651,7341.0,Handling
652,7341.0,Tes-295 trans fluid 20 liter pail
653,7341.0,PS-4 QT(engine oil)
654,7341.0,Hyd oil P/N:73341772
655,7341.0,Cleaner Degreaser
656,7341.0,Oil
657,7341.0,Methyl Hydrate   3.78L
658,7341.0,Washer Fluid
659,7341.0,Mobil Hydraul 56  121464
660,7341.0,enviromental fee
661,7341.0,Orange Ford Coolant
662,7341.0,Paints And Lubs as per Quote
663,7341.0,Degreaser
664,7341.0,ZEP Klear
665,7341.0,Fluid Film as per quote
666,7341.0,"Sea Foam, Oil, Brake Fluid as per quote"
667,7341.0,engine oil
668,7341.0,Motor Treatment
669,7341.0,oil
670,7341.0,Grease 7 handilng Fee
671,7341.0,Pag Oil
672,7341.0,Hydraulic oil AW32
673,7341.0,Hyd Oil Syn 87257
674,7341.0,"WD=40 ""Specialist"""
675,7341.0,PS-4 QT(engine oil)
676,7341.0,Oil
677,7341.0,Plus 50 II 15W40 9.46L
678,9129.0,TORCH CUTTING ACELY
679,9129.0,Pin Punch Set
680,9129.0,"Ratchet, Mat, Pliers"
681,9129.0,DIE GRINDER
682,9129.0,Tripod Stand
683,9129.0,Wrench 25 mm
684,9129.0,Break Bar
685,9129.0,Butane Soldering Iron
686,9129.0,Rubber Mallet
687,9129.0,Tool Box
688,9129.0,Long Torx Socket Set
689,9129.0,TORCH CUTTING ACELY
690,9129.0,glue sticks
691,9129.0,Hand Tools as per quote
692,9129.0,CORDLESS CIRCULAR SAW
693,9129.0,Die Grinder
694,9129.0,Ratchet
695,9129.0,"GREASE GUN,ELECTRIC"
696,9129.0,Jack
697,9129.0,Bead Inflator Valve
698,9129.0,Grease Gun
699,9129.0,3/8dr Air impact Wrench
700,9129.0,PIST GRP-STK
701,9129.0,Butane Torch
702,9129.0,Ductor Kit W/coil set
703,9129.0,Bolt Cutters
704,9129.0,Tooling
705,9129.0,"1/2"" Crowfoot Set"
706,9129.0,Anvil
707,9129.0,Sockets & Hand Tools as per quote
708,9129.0,Tools
709,9129.0,3 in 1 Hand Truck
710,9129.0,Caulking Gun as per quote
711,9129.0,Impact Extension
712,9129.0,Flat Chisel
713,9129.0,Manual tire Changer
714,9129.0,Dimple Die Master Set
715,9129.0,Bench Grinder Stand
716,9129.0,Tubular Lock Pick
717,9129.0,Tooling
718,9129.0,Portable Tire Cage
719,9129.0,Air Amplifier
720,9129.0,Portable Tire Cage
721,9129.0,T55 Long Torx
722,9129.0,Charger Cordless Tool Battery
723,9129.0,GRINDER 9IN MOD 133
724,9129.0,3/8dr Air impact Wrench
725,9129.0,Tool Holder
726,9129.0,1/2dr. 15 pc 6pt socket set - 315SIMMYA
727,9129.0,1/2 In Dr 80T STD Lck Rat
728,9129.0,TOOL BOX
729,9129.0,9in Rescue and Demo Blade
730,9129.0,Heavey duty Clip-on Chuck
731,9129.0,6 Inch Bench Grinder
732,9129.0,Bit Set
733,9129.0,Ratchet
734,9129.0,Grinder
735,9129.0,Booster pac 1224
736,9129.0,TORQUE WRENCH
737,9129.0,Wrench 5/16
738,9129.0,Digital Tire Pressure Gage
739,9129.0,Tool Box 3 Devation as per quote
740,9129.0,Pliers Slip Joint 9 in
741,9129.0,Torx Set
742,9129.0,Tools for toolbox #19 as per attached
743,9129.0,Soldering Clamp
744,9129.0,WELDING HELMET
745,9129.0,Maulti Coolent adap set
746,9129.0,PTS 2-1/2 DIE stock
747,9129.0,CART HYDRAULIC LIFT
748,9129.0,Bench Top Shop 72 x 36
749,9129.0,Ball Peen Hammers as per quote
750,9129.0,Butane Soldering Iron
751,9129.0,Plactic Heads for tire Machine
752,9129.0,"IMPACT WRENCH 1/2"""
753,9129.0,Multi Meter
754,9129.0,Ratchet
755,9129.0,Heavy Duty Bench Vise
756,9129.0,5 Inch Needle Nose
757,9129.0,Air Chuck
758,9129.0,Tool Box #6 Deviations as per check list
759,9129.0,CORDLESS IMPACT WRENCH 1/2 IN
760,9129.0,"Tip Cleaners, Tire Inflators"
761,9129.0,Extractor
762,9129.0,Locking chain pliers
763,9129.0,Soldering Iron
764,9129.0,Soldering Iron
765,9129.0,Core remover
766,9129.0,Silencer Band
767,9129.0,"IMPACT WRENCH 1/2"""
768,9129.0,Dual Foot Inflator
769,9129.0,7/8 Socket
770,9129.0,"PORTABLE WELDER,PLASTIC"
771,9129.0,Stackable Bins
772,9129.0,Steped Pickle Fork
773,9129.0,T55 Torx Socket
774,9129.0,TPMS 3 Software Update
775,9129.0,Utility Knife
776,9129.0,9 Pin Plug
777,9129.0,BOOSTER PACK
778,9129.0,Relay Bypass Switch Kit
779,9129.0,Battery Charger Bus bar
780,9129.0,8 3/4in Ratiching Screwdriver
781,9129.0,Brake Caliper Press
782,9129.0,Tooling Request as Per Quote
783,9129.0,Eye & Eye Sling 2X4'
784,9129.0,Burr Set
785,9129.0,Impact Adapter
786,9129.0,Impact Sockets as per quote
787,9129.0,12 Volt Circut Tester
788,9129.0,Strap Filter Wrench
789,9129.0,Bit set
790,9129.0,Blast Vac for Coolant System
791,9219.0,Cabin air filter
792,9219.0,Plow leg (Viking) # 0C89496
793,9219.0,TPMS
794,9219.0,Plastic Cover As Per Sample
795,9219.0,TIMKEN 416370
796,9219.0,hh150-32430 Oil Filter
797,9219.0,Cummins P/N 3164765
798,9219.0,Credit card refund
799,9219.0,Air Filter Inner #AT332909
800,9219.0,Moisture eject Haldex KN24001
801,9219.0,Rims
802,9219.0,"3/4""X6""X36"" carbide with 3"" spacing"
803,9219.0,Slider Pins Boots
804,9219.0,Master power switch
805,9219.0,"brake pads, front"
806,9219.0,PCV Valve
807,9219.0,Front Support/Jack Leg
808,9219.0,3rd brake light assmbly
809,9219.0,Front Pads
810,9219.0,oil filter
811,9219.0,Foot well PN#5436135-070
812,9219.0,light assy PN#AM126083
813,9219.0,Air Filter
814,9219.0,door casing assembly
815,9219.0,14'red supply cable
816,9219.0,1842665C93 Water pump
817,9219.0,Pin & Coil Assy. SELLICK PN#192042
818,9219.0,oil filter PN84475542
819,9219.0,RP10-001-56 Bracket
820,9219.0,Grote 78923
821,9219.0,371563 Steel edge (Larue P/N)
822,9219.0,Power steering Filter LF637
823,9219.0,filter # 3107 (napa)
824,9219.0,air filter sleeve
825,9219.0,Ign.Switch.Cole Hersee Co.PN956-3124-BX
826,9219.0,Rocker Switch Assembly
827,9219.0,"Serp Belt, for model w/ A/C"
828,9219.0,Mini-strobe P/N:FLS-201Z12V-A
829,9219.0,Grounding Strap RBR 90330
830,9219.0,Sprocket ATI-11324
831,9219.0,Carbides P/N: 605352643
832,9219.0,hydraulic filter - Donaldson P165569
833,9219.0,RP6-081 Muffler
834,9219.0,BAL-P258
835,9219.0,Air Filter inner AF25132M
836,9219.0,3519061C1 (inter #)
837,9219.0,Air Dryer #5008414
838,9219.0,Oil Filter international prt# 1884508C2
839,9219.0,exaust pipe ref to notes
840,9219.0,i083334-00000850 air switch Peterbilt
841,9219.0,SWS 129-S
842,9219.0,Aliance belt 8PK2715
843,9219.0,Left Front Wiper
844,9219.0,Outer Air filter 84010101
845,9219.0,thermostat part# 1842130C3
846,9219.0,"brake pads, front"
847,9219.0,Plow bullb (Xtravision) #H6054
848,9219.0,Tools as per quote
849,9219.0,fuel pump
850,9219.0,TPMS
851,9219.0,Mirror P/N:05113258AL
852,9219.0,Bearing body Mdl 19B Size 1.980
853,9219.0,Hose Kit #X8422001
854,9219.0,LP-100123 Main Clevis
855,9219.0,Head Light HB3 9005
856,9219.0,air filter
857,9219.0,84-1006 Headlight socket NAPA
858,9219.0,H6054BL  head light
859,9219.0,Trailing Arm Bushings Rear
860,9219.0,AF1968 Air Filter
861,9219.0,*W716011*S430 nut
862,9219.0,Oil Filter / Napa PN#1806
863,9219.0,DA8Z*5G232*C manifold
864,9219.0,Sellick P/N 801354 Roof Window
865,9219.0,create high vis outdoor lable as per ex
866,9219.0,"3/16 flex line 18"" as per quote"
867,9219.0,0750 131 053  (ZF part #)
868,9219.0,plulley with bearing (000547)
869,9219.0,oil filter
870,9219.0,AF25492 air filter outer
871,9219.0,Quartz light #Q1500110CLT3
872,9219.0,Marker (Grote 46132)
873,9219.0,Oil line # AT358609
874,9219.0,Air filter # MIU12555
875,9219.0,710001 Betts light Red
876,9219.0,LA-SB1075 Skid Shoe
877,9219.0,DS2101211X steady Bearing
878,9219.0,Fuel Filter FS1041
879,9219.0,Napa PN 3472 Oil Filter
880,9219.0,AF25132M
881,9219.0,Zodiac boat trailer wiring harness
882,9219.0,Coolant Filter WF2126
883,9219.0,Auger Belt # 954-04194A
884,9219.0,(NAPA) Bearing - L44649
885,9219.0,Rotors P/N:2AMV9713AA
886,9219.0,AD-9 Air Dryer
887,9219.0,1027460 (ELGIN #)
888,9219.0,Slip Cover N6.5-86-38
889,9219.0,RP6-082 Pipe
890,9219.0,Filter # 56510354
891,9219.0,Rear Brake Pads
892,9219.0,Carriage botl P/N:100399
893,9219.0,CRS-35083 seal
894,9219.0,RF lower control arm
895,9219.0,RP10-001-44 Bracket
896,9219.0,Oil Filter
897,9219.0,Front Shocks
898,9219.0,oil line AT358578
899,9219.0,FH329915 (Deere PN) Blade
900,9219.0,40650 (Grote P/N)
901,9219.0,rear rotors
902,9219.0,FS19593 Fuel seperator
903,9219.0,Rear rotors
904,9220.0,Winter 235-65/16
905,9220.0, 8-16 Tires
906,9220.0,Rear tires 25X11X12
907,9220.0,Tire levy
908,9220.0,Tire 235/65R16 C Summer
909,9220.0,tires 235/65 R16C
910,9220.0,Tires Michelin cross climate
911,9220.0,3.40/3.00-5  tube
912,9220.0, 8-16 Tires
913,9220.0,Tires 7.50-16LT
914,9220.0,Tires ST 205 75 15
915,9220.0,Michelin LTX MS2 LT 225/75/R16
916,9220.0,"HD 15"" tube protector"
917,9220.0,Winter Tires 235/65R16
918,9220.0,225/70R17 Toyo Observe GSi5
919,9220.0,MTP-300  Balancer
920,9220.0,Tire levy
921,9220.0,levy
922,9220.0,Tire 22x11-10 HF-244-2
923,9220.0,Winter Tires 235-65/16
924,9220.0,Tires All seasons
925,9220.0,michelin XDS 2 11R 24.5
926,9220.0,Tire Levy
927,9220.0,LT245/70R17E tires
928,9220.0,Doosan forklift innertube 5.50-10
929,9220.0,Tires All seasons
930,9220.0,lt245/75r17 mich ltx ms2
931,9220.0,245/75r17 BFG KO 2
932,9220.0,Tire levy
933,9220.0,P225/65R17 102T
934,9220.0,Summer tires
935,9220.0,HD 300 15 tube
936,9220.0,Tires titans high traction 8X16
937,9220.0,265\70\17 mich defenders
938,9220.0,yokohama avid S33 225/65R16 100S
939,9220.0,445/65 R22.5 Michelin XZLTires
940,9220.0,Tires 205 75 R15
941,9220.0,Tire 25x11x12
942,9220.0,Michelin XFE 425/65R22.5
943,9220.0,445/65 R22.5 Michelin XZLTires
944,9220.0,Tire Levy
945,9220.0,LT245-75/R17 Mich LTX
946,9220.0,12 R22.5 Load Range H (LRH)
947,9220.0,tires
948,9220.0,winter tires 235/65 R16
949,9220.0,tires 245/75R17
950,9220.0,Tire levy
951,9220.0,Tire levy
952,9220.0,Goodyear Eagle RS-A 245/55R18
953,9220.0,Tire levy
954,9220.0,rubber tracks #T317180
955,9220.0,Front Tires 8x16 6Ply
956,9220.0,275/70 R18 tires
957,9220.0,Tire Levy
958,9220.0,Winter 235-65/16
959,9220.0,tire levy
960,9220.0,445/65 R22.5 Michelin XZLTires
961,9220.0,Michelin LTX MS2 LT 225/75/R16
962,9220.0,Michelin LTX LT 245/75R17
963,9220.0,ATV Tire 26x9x12
964,9220.0,Front tire # 1B-0440A
965,9220.0,tires BFG KO2 245/75/17
966,9220.0,Bridgestone M854 425/65 R22.5
967,9220.0,225-70R19.5 Mich XDS 2
968,9220.0,Tire Levy
969,9220.0,Tire Levy
970,9220.0,Michelin XDN2 Load range H
971,9220.0,tires 255/70r22.5
972,9220.0,levy
973,9220.0,Tires LT255/70/R17
974,9220.0,Tires All/Four season P225/50R17
975,9220.0,Winter Tires
976,9220.0,Doosan forklift innertube 5.50-10
977,9220.0,Rim Assembly. SELLICK PN#821498
978,9220.0,235/65R16 ALL SEASON TIRE
979,9220.0,Tire 255/70R22.5 (Load H)
980,9220.0,ALCOA Rim # 883672
981,9220.0,tires summer
982,9220.0,tires 8-16 Ag style
983,9220.0,front tires P/N: 94017751
984,9220.0,Winter Tires
985,9220.0,levy
986,9220.0,Michelin Xsnoplus 14.00-24
987,9220.0,11 R 22.5   ( trailer tire)
988,9220.0,Tires PN#M138664
989,9220.0,Tire Levy
990,9220.0,tires
991,9220.0,Tire Trac Chief 18x8.50 10 NHS
992,9220.0,BKT 8-16 AG Tires
993,9220.0,Tire Levy
994,9220.0,Tires Size: 10-16.5 NHS
995,9220.0,225/55R17 winter tire
996,9220.0,BKT 8-16
997,9220.0,245/75R17 Load range E
998,9220.0,Tire Levy
999,9220.0,Tire 235/65R16 C Summer
1000,9220.0,Tire Levy
1001,9220.0,Tire levy
1002,9220.0,tires 235/65 R16C
1003,9220.0,tires 205/75/15
1004,9220.0,P235/65R16 Aggressive All Season
1005,9220.0,Winter Tires 235-65/16
1006,9220.0,Tires 5.70-8.00  High Country
1007,9220.0,Front tire # 1B-0440A
1008,9220.0,12x16.5 Tire and Wheel Assembly
1009,9220.0,245-55R18 Goodyear Ultra Grip
1010,9220.0,tires 12X16.5
1011,9220.0,Tire levy
1012,9220.0,Winter Tires 235-65/16
1013,9220.0,Tire 255/70R22.5 (Load H)
1014,9220.0,Tire summer
1015,9220.0,tires 205/75/15
1016,9220.0,245/75R17 Load range E
1017,9335.0,Battery as per quote
1018,9335.0,BSGX31S batteries
1019,9335.0,BSGX31S battery
1020,9335.0,31 ser 1000cca
1021,9335.0,4628452 (Hitachi P/N)
1022,9335.0,Battery Cordless Tool
1023,9335.0,Batteries
1024,9335.0,Battery # 0445-081
1025,9335.0,Battery #ALL-01551-003 CCA 950
1026,9335.0,750 CCA Top post Battery
1027,9335.0,D Cell Batteries
1028,9335.0,Battery AcDelco 1893
1029,9335.0,Series 31 Battery
1030,9335.0,battery 12v
1031,9335.0,Battery
1032,9335.0,Battery AcDelco 1893
1033,9335.0,Battery Cordless Tool as per quote
1034,9335.0,Battery
1035,9335.0,"Batteries AA, AAA"
1036,9335.0,Battery
1037,9335.0,Battery 4628452
1038,9335.0,BSGX31S batteries
1039,9335.0,Battery A324016 CCA480
1040,9335.0,Batteries as per Quote
1041,9335.0,Odyssey Extreame PN 65-PC1750
1042,9335.0,11u1L Batt
1043,9335.0,Batteries 34/78-800 OPTIMA 36 MTS
1044,9335.0,31 series 1000 CCA battery
1045,9335.0,Odyssey Extreame PN 65-PC1750
1046,9335.0,31 ser 1000CCA battery
1047,9335.0,battery
1048,9335.0,HD Commercial series Battery 008129
1049,9335.0,Skandic Battery YTX20HL
1050,9335.0,Battery
1051,9335.0,Battery 720CCA Top Post
1052,9335.0,Skandic Battery YTX20HL
1053,9335.0,Odyssey 65-pc1750 950 CCA
1054,9335.0,Battery CB30L-B
1055,9335.0,11u1L Batt
1056,9335.0,31 ser 1000CCA battery
1057,9335.0,battery 490CCA
1058,9335.0,Battery 750 CCA
1059,9335.0,Battery 8D-1400
1060,9335.0,battery
1061,9335.0,Vehicle main battery 750CCA
1062,9335.0,BSGX31S batteries
1063,9335.0,Batt Carquest 624FMF 675 CCA
1064,9335.0,Batteries Rough Rider #BSGX31S
1065,9335.0,Battery as per quote
1066,9335.0,Internal Battery P/N 535-05924
1067,9335.0,31 Series batteries 1000CCA
1068,9335.0,BSGX32S Battery (Silvers)
1069,9335.0,Power sport battery ETx15
1070,9335.0,Batteries
1071,9335.0,Watch Battery as per quote
1072,9335.0,31 ser 1000cca
1073,9335.0,Battery (Rough Rider) BSGX31S
1074,9335.0,Battery
1075,9335.0,Batteries BSGX31S
1076,9335.0,Battery AA
1077,9335.0,Battery Cordless Tool as per quote
1078,9335.0,Lead battery P/N:415129898
1079,9335.0,batteries 8C6V
1080,9335.0,Battery 570MF From Carquest
1081,9335.0,Battery #1131 MF 1140 CCA
1082,9335.0,"Battery, HR 1221W, as per example"
1083,9335.0,Battery
1084,9335.0,Optima REDTop Battery 34/78
1085,9335.0,12V Battery P/N:65-9AGM
1086,9335.0,batteries
1087,9335.0,HD Commercial series Battery 008129
1088,9335.0,OEM battery
1089,9335.0,batteries
1090,9335.0,31 series 1000 CCA battery
1091,9335.0,31 Series 1000 CCA Battery
1092,9335.0,Wet Charged Battery PN#TY26498A
1093,9335.0,battery
1094,9335.0,31 ser 1000CCA battery
1095,9335.0,Battery
1096,9335.0,Battery Cordless Tool as per quote
1097,9335.0,Batteries E90/2016
1098,9335.0,31 series 1000 CCA Battery
1099,9335.0,Battery P/N:TY25221A
1100,9335.0,Break Away Battery
1101,9335.0,BSGX31S  Battery Silvers
1102,9335.0,battery
1103,9335.0,YUASA 38B20L
1104,9335.0,Series 31 Battery
1105,9335.0,battery
1106,9335.0,Battery Cordless Tool as per quote
1107,9335.0,EXD-31HDC Battery  (PFT)
1108,9335.0,12V Battery P/N:65-9AGM
1109,9335.0,750 CCA Top post Battery
1110,9335.0,"Battery, forklift"
1111,9335.0,"Performance battery, odyssey 75/86-705"
1112,9335.0,"John deere strongbox, RE261644"
1113,9335.0,GC25  6 Volt Battery
1114,9335.0,GC25  6 Volt Battery
1115,9335.0,battery CNH-87473174 CCA 925
1116,9335.0,Wet Charged Battery PN#TY26498A
1117,9335.0,Batteries Rough Rider #BSGX31S
1118,9335.0,31 ser 1000cca
1119,9335.0,12 Volt Bateries PN BSGX31S
1120,9335.0,Tires taskmaster ST205/75/D15
1121,9335.0,battery 490CCA
1122,9335.0,Batteries
1123,9335.0,Battery EnerSys as per picture
1124,9335.0,Battery for cordless tools
1125,9335.0,battery
1126,9335.0,BSGX31S batteries
1127,9335.0,Battery P/N:CF965DSW
1128,9335.0,Battery
1129,9335.0,"Battery, HR 1221W, as per example"
